{
  "cameraCal":[599.375,599.1666666666669,479.5,359.5],
  "field2points": {
    "data":[3.6576,3.6576,3.6576,3.6576,4.002415602917594,4.145396397082404,4.145396397082404,4.002415602917594,6.070092,5.904991999999999,5.904991999999999,6.070092,4.145396397082404,4.002415602917594,4.002415602917594,4.145396397082404,8.313547,8.313547,8.230996999999999,8.230996999999999,8.313547,8.313547,8.230996999999999,8.230996999999999,12.227305999999999,12.227305999999999,12.227305999999999,12.227305999999999,4.10845,3.94335,3.94335,4.10845,3.347593,3.2650429999999995,3.2650429999999995,3.347593,-0.0038099999999999996,-0.0038099999999999996,-0.0038099999999999996,-0.0038099999999999996,4.786757,4.704207,4.704207,4.786757,1.997456,1.832356,1.832356,1.997456,6.220206,6.055105999999999,6.055105999999999,6.220206,4.10845,3.94335,3.94335,4.10845,0.22555199999999997,0.22555199999999997,0.390652,0.390652,0.22555199999999997,0.22555199999999997,0.390652,0.390652,1.2191999999999998,1.2191999999999998,1.3843,1.3843,0.22555199999999997,0.22555199999999997,0.390652,0.390652,1.7964256029175947,1.7964256029175947,1.9394063970824056,1.9394063970824056,1.7964256029175947,1.7964256029175947,1.9394063970824056,1.9394063970824056,0.22555199999999997,0.22555199999999997,0.390652,0.390652,1.0,1.0,1.0,1.0,1.0,1.0,1.0,1.0,1.0,1.0,1.0,1.0,1.0,1.0,1.0,1.0,1.0,1.0,1.0,1.0,1.0,1.0,1.0,1.0,1.0,1.0,1.0,1.0],
    "numRows":4,
    "numCols":28,
    "type":"DDRM",
    "2DData":[[3.6576,3.6576,3.6576,3.6576,4.002415602917594,4.145396397082404,4.145396397082404,4.002415602917594,6.070092,5.904991999999999,5.904991999999999,6.070092,4.145396397082404,4.002415602917594,4.002415602917594,4.145396397082404,8.313547,8.313547,8.230996999999999,8.230996999999999,8.313547,8.313547,8.230996999999999,8.230996999999999,12.227305999999999,12.227305999999999,12.227305999999999,12.227305999999999],
              [4.10845,3.94335,3.94335,4.10845,3.347593,3.2650429999999995,3.2650429999999995,3.347593,-0.0038099999999999996,-0.0038099999999999996,-0.0038099999999999996,-0.0038099999999999996,4.786757,4.704207,4.704207,4.786757,1.997456,1.832356,1.832356,1.997456,6.220206,6.055105999999999,6.055105999999999,6.220206,4.10845,3.94335,3.94335,4.10845],
              [0.22555199999999997,0.22555199999999997,0.390652,0.390652,0.22555199999999997,0.22555199999999997,0.390652,0.390652,1.2191999999999998,1.2191999999999998,1.3843,1.3843,0.22555199999999997,0.22555199999999997,0.390652,0.390652,1.7964256029175947,1.7964256029175947,1.9394063970824056,1.9394063970824056,1.7964256029175947,1.7964256029175947,1.9394063970824056,1.9394063970824056,0.22555199999999997,0.22555199999999997,0.390652,0.390652],
              [1.0,1.0,1.0,1.0,1.0,1.0,1.0,1.0,1.0,1.0,1.0,1.0,1.0,1.0,1.0,1.0,1.0,1.0,1.0,1.0,1.0,1.0,1.0,1.0,1.0,1.0,1.0,1.0]],
    "numElements":112},
    "point_observations": {
      "data":[401.3559265136719,434.6202697753906,434.3583984375,400.89996337890625,546.8855590820312,558.4163818359375,558.81201171875,547.2379150390625,903.0679931640625,916.6886596679688,918.1712646484375,904.4595336914062,294.8089599609375,301.8063659667969,300.87725830078125,293.8831481933594,618.2979736328125,631.5966186523438,633.6064453125,620.1320190429688,278.15863037109375,291.457275390625,288.9725036621094,275.49810791015625,459.28125,467.887939453125,467.8704833984375,459.2508544921875,352.1061096191406,352.1061096191406,318.7993469238281,318.7993469238281,346.3612365722656,344.3131103515625,315.6606140136719,316.48504638671875,214.31024169921875,211.6664581298828,191.83242797851562,195.1048583984375,344.3131103515625,346.3612365722656,316.48504638671875,315.6606140136719,191.5602264404297,191.5602264404297,178.44384765625,178.44384765625,191.5602264404297,191.5602264404297,178.44384765625,178.44384765625,310.9059143066406,310.9059143066406,302.263427734375,302.263427734375],
      "numRows":2,
      "numCols":28,
      "type":"DDRM",
      "2DData":[[401.3559265136719,434.6202697753906,434.3583984375,400.89996337890625,546.8855590820312,558.4163818359375,558.81201171875,547.2379150390625,903.0679931640625,916.6886596679688,918.1712646484375,904.4595336914062,294.8089599609375,301.8063659667969,300.87725830078125,293.8831481933594,618.2979736328125,631.5966186523438,633.6064453125,620.1320190429688,278.15863037109375,291.457275390625,288.9725036621094,275.49810791015625,459.28125,467.887939453125,467.8704833984375,459.2508544921875],
                [352.1061096191406,352.1061096191406,318.7993469238281,318.7993469238281,346.3612365722656,344.3131103515625,315.6606140136719,316.48504638671875,214.31024169921875,211.6664581298828,191.83242797851562,195.1048583984375,344.3131103515625,346.3612365722656,316.48504638671875,315.6606140136719,191.5602264404297,191.5602264404297,178.44384765625,178.44384765625,191.5602264404297,191.5602264404297,178.44384765625,178.44384765625,310.9059143066406,310.9059143066406,302.263427734375,302.263427734375]],
                "numElements":56
    },
  "groundTruthField2Robot": {
    "data":[1.0,0.0,0.0,1.0,0.0,1.0,0.0,4.0,0.0,0.0,1.0,0.0,0.0,0.0,0.0,1.0],
    "numRows":4,
    "numCols":4,
    "type":"DDRM",
    "2DData":[[1.0,0.0,0.0,1.0],[0.0,1.0,0.0,4.0],[0.0,0.0,1.0,0.0],[0.0,0.0,0.0,1.0]],
    "numElements":16},
  "groundTruthRobot2camera": {
    "data":[0.9945218953682733,0.0,0.10452846326765347,-0.30479999999999996,0.0,1.0,0.0,-0.2794,-0.10452846326765347,0.0,0.9945218953682733,0.5,0.0,0.0,0.0,1.0],
    "numRows":4,
    "numCols":4,
    "type":"DDRM",
    "2DData": [[0.9945218953682733,0.0,0.10452846326765347,-0.30479999999999996],
               [0.0,1.0,0.0,-0.2794],
               [-0.10452846326765347,0.0,0.9945218953682733,0.5],
               [0.0,0.0,0.0,1.0]],
    "numElements":16}
}